Nombre,Edad,Direccion,Pais,Documento,Fecha Alta,Correo Electranico,Trabajo
Mario Olmedo Hurtado,49,Plaza Tomas Amat 83,Mauricio,5733124,40592,nevadoraquel@mir-miguel.com,Marketing executive
Asuncian Ropero Landa,6,Camino de Angel Morell 41 Puerta 9 ,Liberia,16432378,42483,juan00@yanez.com,Industrial/product designer
Juana Amiga-Expasito,11,Vial Daniel 9 Apt. 12 ,Espana,44599758,41692,fpeinado@figuerola-pages.com,Psychologist occupational
Marta Berenguer Montesinos,13,Vial de Felix Sanmiguel 9,Yemen,98520418,40959,mercedescases@vera.org,Forensic psychologist
Gabriel Herranz Rincan,30,Vial Marina Pinedo 93,Uzbekistan,79713533,43001,andradenoelia@cozar.info,Engineer materials
Emilio Maldonado Pomares,12,Callejan de Raul Cortes 29 Apt. 91 ,Mozambique,35519930,42093,bermudezluisa@mariscal.biz,Archivist
Gema del Gonzalo,55,Ronda de Rafael Vaquero 76,Botswana,2773376,42850,dmari@llorens.com,Clinical psychologist
Felipe Fortuny Marta­n,101,Alameda de Susana Domingo 11,Guinea Ecuatorial,19992070,43012,nginer@pinilla.info,Media buyer
Jose Francisco Sureda Llanos,83,Avenida de Felipe Sosa 7 Piso 3 ,Ucrania,62994858,40486,esperanzaespinosa@dieguez.biz,Financial manager
Susana Miralles Soler,48,Acceso Alex Guijarro 442,Tailandia,53612939,41089,rcaparros@roig.net,Curator
Juan Francisco Armas Maca­as,90,Acceso de Teresa Bueno 64,Saint Kitts y Nevis,45673304,40915,angel13@nicolau-reina.com,Surveyor commercial/residential
Joan Sastre Cabello,67,Pasadizo de Tomas Serra 91 Piso 2 ,Swazilandia,72030016,41392,dolores40@carranza-larrea.biz,Radiation protection practitioner
Teresa Moreno Baquero,98,Alameda Nieves Moreno 35,La­bano,68443010,41205,adadiasara@rosa-lumbreras.com,Physicist medical
Jose Francisco Cerezo Ramos,18,Glorieta Jose Angel Correa 65 Apt. 56 ,Finlandia,13847706,43146,ramisjuan-antonio@sosa-catala.com,Banker
Juan Carlos Marc Alegre Baena,56,Paseo de Paula Morell 99,Argentina,98578589,40388,lorenzoromero@gimenez.com,Clinical cytogeneticist
Elisa Rocamora Agusta­,108,Callejan de Victor Manuel Salda 93 Piso 4 ,Ecuador,72599916,42967,tovarjaime@urrutia-suarez.com,Learning disability nurse
Alvaro Baeza Segovia,39,Acceso de Manica Calete 521,Bulgaria,96286226,41915,nereafarre@carbajo-goicoechea.org,Scientist research (life sciences)
Concepcian Rebollo Torralba,76,Paseo Raquel Palomino 4,Guinea Ecuatorial,49486953,41270,luzperera@donoso-pombo.com,Holiday representative
Roberto Salva ,89,Vial Jorge Cantan 7 Piso 5 ,Togo,55349553,43026,mercedesripoll@castillo-velasco.com,Dietitian
Ignacio Domingo Vigil Valderrama,70,Pasadizo Victor Malo 71,Francia,42553369,41300,purificacionbejarano@carpio.info,Solicitor
Adriana Delgado Mela©ndez,18,Urbanizacian de Carolina Calete 18 Piso 6 ,Bulgaria,29367134,41841,gluz@costa.org,Sub
Eugenia Irene Vera Sarabia,54,Acceso de Juan Estevez 73 Piso 1 ,Finlandia,44476369,41214,epalomar@barba.com,Fast food restaurant manager
Raul Manrique Farra©,108,Caa±ada de Susana Expasito 94 Puerta 8 ,Estados Unidos de Ama©rica,46613892,41216,rpalacio@serna.com,Printmaker
Jaime Canals Rosa,74,Pasadizo de Angela Rivera 797,Costa Rica,62942326,41243,juana97@barbera.com,Brewing technologist
Vicenta Ponce Cortina,109,Alameda Alba Pavan 44,Comoras,24320742,41402,rosa89@milla.com,Magazine journalist
Rocio Francisca Mascara Mir,81,Urbanizacian Cesar Leon 94 Piso 5 ,Sierra Leona,90155350,40242,garridolidia@llado-hierro.biz,Conservator museum/gallery
Alex Alcazar,25,Glorieta de Mariano Planas 66 Apt. 78 ,Marruecos,42766130,40570,osarabia@jodar-andres.com,Civil Service fast streamer
Begoa±a Serrano Rosella,3,Urbanizacian de Miriam Carrera 74,Comoras,35748207,42597,carrenojuan-antonio@ricart-gomis.com,Operations geologist
Alba Oliveras Cua©llar,79,Camino de Francisco Mascara 41 Apt. 46 ,Togo,9581767,42972,juan-joseespejo@alegre.info,Clothing/textile technologist
Julian Ordaa±ez Rivas,37,Avenida de Andrea Borrego 7 Piso 1 ,Seychelles,85227232,40267,roblesagustin@chamorro.com,Fine artist
Emilia Serna Canet,58,Plaza Celia Espaa±ol 6,Andorra,84854669,40632,miriam32@galan.com,Armed forces logistics/support/administrative officer
Daniel Comas Pedrosa,6,Glorieta Miriam Duque 86 Apt. 23 ,Nueva Zelandia,47183456,40747,hcalatayud@espanol.net,Hydrologist
Fatima Roma Cifuentes,95,Urbanizacian Juan Francisco Carro 27,Antigua y Barbuda,5547989,41110,jaime17@arranz.net,Records manager
Sofia Zabaleta-Narvaez,14,Calle de Jose Miguel Oliveras 2,Maldivas,2079245,43440,dnavarro@villalonga-acedo.biz,Administrator sports
Roberto Benavente Ugarte,7,Via de Cesar Galan 58 Apt. 91 ,Islas Marshall,83894527,41398,dblanes@somoza.net,Company secretary
Eugenia Medina-Ponce,78,Via de Sara Ra­os 686 Apt. 83 ,Micronesia,2355247,42017,canalsvictoria@blasco.com,Occupational psychologist
Remedios Carrea±o Izquierdo,61,Calle Milagros Barroso 44,Brasil,86228540,41569,moraleslourdes@atienza.net,Runner broadcasting/film/video
Adriana Cornejo Falca,92,Urbanizacian de Luca­a Barcena 8 Piso 1 ,Argelia,73671474,41640,fboix@girona-bas.com,Medical sales representative
Alba Aragona©s Castilla,92,Vial Juan Antonio Cazar 33 Puerta 6 ,Chad,40689341,40371,wferrandez@baeza.biz,Programme researcher broadcasting/film/video
Esther Pol Castejan,104,Plaza Alejandra Palau 50,Trinidad y Tabago,76247267,42554,codinagabriel@cespedes.org,Higher education careers adviser
Jose Manuel del Antan,76,Vial de Raquel Montalban 58,Santo Toma© y Pra­ncipe,39822183,42360,jose-carlosbaez@carreras-roma.com,IT sales professional
Catalina Garay Canet,41,Alameda Gregorio Vigil 7,Uganda,57325794,41319,verducristian@cervantes.com,Nurse adult
Victor Carlos Alemany,12,Pasadizo de Nieves Linares 18 Piso 8 ,Repaºblica Dominicana,18686591,40341,eibarra@hoz.com,Interior and spatial designer
Eva Irene Luque Amiga,76,Pasaje de Josep Casanovas 96 Puerta 7 ,Filipinas,58384985,43524,wmillan@diego.org,Marine scientist
Jose Luis Caa±ellas Fortuny,75,Pasaje Raquel Casanovas 131,Australia,34724526,40562,barrenasantiago@tirado-batlle.org,Art therapist
Magdalena Acevedo Benavent,40,Pasadizo Luz Moraleda 365,Iraq,10842252,41138,raquelortega@murcia-mate.com,Nutritional therapist
Mireia Armas Marti,90,Paseo Esther Domingo 49,Suriname,86279435,43065,nerea42@pino.info,Environmental consultant
Carolina de Arranz,14,C. David Raman 24 Apt. 55 ,Palau,52192761,41801,juriarte@lorenzo-mugica.info,Clinical research associate
Belen Prada Salinas,93,Acceso de Hector Rasos 685,Bulgaria,29181159,40453,xbusquets@roldan.com,Health and safety inspector
Manuela Fonseca Ferrandez,51,Camino de Salvador Toro 72,Djibouti,83480408,40832,zapatafelipe@lobato.info,Scientist biomedical
Lorenzo Cuevas Pareja,96,Ronda Mohamed Fortuny 5,Seychelles,34453342,42546,portapaula@agullo.net,Magazine features editor
Laura Aliaga Abril,68,Pasadizo Ismael Galvan 7,Samoa,98096394,43290,ivancanas@cervantes.com,Print production planner
Alvaro Barcela,5,Via Jorge Francisco 7,Togo,45284162,42767,felipebru@gisbert.biz,Horticulturist commercial
Cesar Cortes Cardenas,14,Ronda de Alberto Bernal 34,Etiopa­a,23527442,43679,raquel43@vigil-oliveras.com,Primary school teacher
Ruben Novoa,96,C. de Andrea Ribes 30,Nueva Zelandia,10136274,43446,ntello@rodriguez.com,Dealer
Jose Francisco Ojeda Manso,49,Glorieta Gloria Gallo 665 Piso 3 ,Republica Unida de Tanzana­a,60612051,42439,sergioarnau@ibanez-carbonell.net,Curator
Jose Maria Bayan Collado,106,Pasadizo de Victor Manuel Cerro 29 Apt. 24 ,Turkmenistan,40223491,43163,pilarpineiro@villegas.com,Glass blower/designer
Francisco Nicolas Herrero Jaume,75,Glorieta de Xavier Plaza 67,Costa Rica,44037768,40339,cesar84@noguera-roda.biz,Programmer systems
Luca­a Vega Vilaplana,2,Ronda de Gonzalo Guijarro 78 Piso 5 ,Sudan,69918897,42366,aguilojuan-antonio@gaya.biz,Early years teacher
Gloria Tamayo-Arroyo,109,Vial Miguel Paga¨s 30 Piso 7 ,Uganda,73344985,41159,dborrego@marcos.com,Psychologist prison and probation services
Catalina Ferrera-Bou,73,Pasadizo de Laura Montero 93,Ca´te d'Ivoire,64035680,42627,zmarin@barragan.com,Haematologist
Vicenta del Agusta­,39,Camino Jose Angel Gimenez 60 Puerta 5 ,Costa Rica,17254059,42851,josepcarrillo@gordillo.com,Writer
Concepcian Pina Real,21,Cuesta de Samuel Tejera 670,Cameraºn,29913407,40955,llopisamparo@mulet-ferran.com,Exhibition designer
Alejandro Paez Arnau,87,Plaza Margarita Sevillano 41 Puerta 2 ,Belaraºs,90020229,41711,morantetomas@carrasco.org,Local government officer
Victor Vargas Costa,105,Cuesta de Yolanda Tudela 532 Apt. 59 ,Italia,60511076,41050,nadalsantiago@lucas.net,Forest/woodland manager
Lourdes Castrillo Barco,53,Urbanizacian de Olga Segua­ 94,Santa Luca­a,81803097,42490,figlesia@frutos.com,Dancer
Rodrigo Alcantara Lamas,77,Avenida Ivan Arteaga 157 Apt. 13 ,Granada,47935841,41120,ocuevas@garate.com,Scientist water quality
Nerea Garriga-Cornejo,36,Pasaje de Mara­a Pujol 29 Puerta 9 ,Albania,43615609,41577,joaquin61@castrillo.com,Learning mentor
Fernando Lopez Iriarte,18,C. Alfonso Rincan 789 Piso 2 ,Rwanda,25388575,40812,idominguez@hoyos-jover.com,Psychologist occupational
Gema del Rius,87,Pasaje Daniel Moliner 70,Alemania,20831125,41228,andrea56@monreal.info,Cartographer
Pedro Pedraza Maca­as,48,Acceso de Luis Miguel Trillo 75,Myanmar,15271222,40471,luisgrande@andreu.com,Surveyor land/geomatics
Belen de Royo,51,Urbanizacian de Luz Vara 619 Piso 8 ,Micronesia,31451480,40734,sanjuanbelen@borja-tomas.com,Aeronautical engineer
Gloria Garmendia Royo,103,Ronda Samuel Robles 17,Botswana,27810740,43631,corominaseva@alcolea.com,Herbalist
Nieves de Lorenzo,53,Via Gabriel Juarez 1,Senegal,16961621,42503,cozarraul@viana.com,Prison officer
Luca­a Sima Gutia©rrez,109,Cuesta de Blanca Roda 8 Apt. 97 ,Fiji,36682395,40225,klinares@cerdan-tamayo.com,Chiropodist
Manica Bada­a Gabaldan,71,Via Rocio Lopez 28 Apt. 25 ,Tuvalu,75937787,43188,juan-luisberrocal@frias.com,Petroleum engineer
Lua­s Marqua©s-Cerda,91,Urbanizacian Martin Solsona 98 Puerta 1 ,Dominicana,21954511,43423,belen34@pomares.info,Civil engineer consulting
Ivan Olmo Quevedo,34,Avenida de Noelia Infante 27,Libia,71297415,40723,sergio96@menendez.com,Consulting civil engineer
Jaime Farra© Serna,80,Glorieta de Ismael Marin 724,Argentina,44997293,42430,emiliagimenez@vaquero-escalona.com,Embryologist clinical
Felix Taboada Gisbert,93,Ronda de Anna Pedrosa 14 Puerta 1 ,Letonia,53335983,43702,upavon@zaragoza-aguilar.biz,Social researcher
Raul Rosado Baez,69,Plaza ascar Davila 35,Colombia,55514267,42581,azapata@ochoa.com,Merchant navy officer
Pedro de Duran,88,Calle de Raul Zabala 94 Apt. 72 ,Bahrein,18310647,43050,salinasaurora@abella.com,Banker
Samuel de Valverde,110,Pasaje de Ines Ferrando 52 Piso 5 ,Colombia,17790678,40467,ralcazar@melero.com,Therapist speech and language
Jose Maria Querol-Barriga,66,Pasadizo de Adriana Barriga 934 Piso 6 ,Malta,19794626,43661,batallavictoria@uribe.info,Brewing technologist
Esther Mar Hurtado Reig,50,C. Rocio Lozano 5,Myanmar,44898385,41978,trinidaduribe@torralba.info,Proofreader
Raquel Oliva© Amo,41,Caa±ada de Santiago Crespo 960,Nicaragua,37683235,41152,clago@canales.com,Customer service manager
Juan Carlos Hernandez Riera,13,Pasaje Manuel Hernandez 8,San Vicente y las Granadinas,20644871,42327,eduardoropero@alamo-colom.net,Ergonomist
Jordi Castrillo Casal,86,Ronda Veranica Lobo 52 Puerta 3 ,Namibia,22421633,40743,oliverajose@olmo-escobar.com,Chief Financial Officer
Gloria Arrieta Samper,13,Ronda Eva Conesa 92,Qatar,77320909,41665,jesusporta@solsona-reguera.com,Rural practice surveyor
Nicolas Santamara­a Roman,79,Alameda de Santiago Andres 58,El Salvador,20937962,42833,bruluis-miguel@arce-cabanillas.biz,Arts administrator
Miguel angel Valbuena Aznar,44,Paseo Julio Jimenez 24,Uzbekistan,30931091,41112,adanfatima@alberto.com,Multimedia programmer
Pedro Larrea Morera,94,Rambla de Jose Francisco Cervantes 97,Irlanda,78688516,42624,pedrobalaguer@villegas.com,Retail manager
Dolores Montesinos-Vaquero,93,Pasaje de Anna Amo 91,Malta,10663959,42299,ytaboada@porras.com,Private music teacher
Cesar Carro,89,Via de Salvador Codina 31 Apt. 54 ,Guinea Ecuatorial,44574240,41737,hector48@varela-madrigal.com,Aid worker
Elena Redondo-Infante,29,Pasadizo Martin Bustos 19,Camboya,96117915,41081,cortesnuria@flores-cerezo.com,Engineer petroleum
Purificacian Fuertes Polo,25,Avenida Hector Serra 556,Nueva Zelandia,88747305,41262,dvalero@valdes.com,Diplomatic Services operational officer
Pablo Sebastian Vicens Paniagua,100,Pasadizo Joan Roldan 8 Piso 2 ,Lituania,56356170,41859,usolis@velazquez-anton.net,Scientist research (physical sciences)
Juan Luis Crespo Montaa±a,20,Acceso de Alejandro Peata 96 Apt. 90 ,Eslovenia,94766989,42491,gema91@pineiro-olive.com,Community development worker
Ignacio Pedrosa Moreno,49,Pasaje de Carla Jadar 936,Finlandia,49743291,40248,francisco-javier29@cabrero.biz,Orthoptist
Mercedes Berenguer Mesa,82,Alameda David Conde 60,Sierra Leona,64623365,40710,lopezconcepcion@rebollo-heras.info,Financial controller
Eric Krause,33,Olazabal,Argentina,32608974,44022,lic.erickrause@gmail.com,empleado
bart,8,simpre viva,springfield,99999999,44022,bart@fox.com,actor
Monona,35,Av. Calle 123,Chad,31456234,44022,monona@gmail.com,monear
lilianat,65,av. cachita 2020,argelia,12345678,44022,cachita@hotmail.com,gatear
juana,76,junin 2020,mexico,32456765,44025,juana@gmail.com,monear
roberto,23,av. olala,francia,123455678,44025,rob@sarara,olalalala
luis,22,av. luis,luisandia,34234567,2020-07-13,luis@gmail,luisiar
